Station,Pollutant,Period,Month,Pval_mean,Pval_med
Barrie,O3,2017-2019,January,0.8947,0.3607
Barrie,O3,2017-2019,February,0.2129,0.2668
Barrie,O3,2017-2019,March,0.2305,0.0087
Barrie,O3,2017-2019,April,0.0267,0.1298
Barrie,O3,2017-2019,May,0,0.0025
Barrie,O3,2017-2019,June,0.0818,0.8073
Barrie,O3,2020,January,0.7109,0.2607
Barrie,O3,2020,February,0.0092,0.0165
Barrie,O3,2020,March,0.0026,0.0129
Barrie,O3,2020,April,0.6415,0.3405
Barrie,O3,2020,May,0.4425,0.4156
Barrie,O3,2020,June,0.0237,0.3677
Barrie,PM25,2017-2019,January,0.053900000000000003,0.4031
Barrie,PM25,2017-2019,February,0.1264,0.1111
Barrie,PM25,2017-2019,March,2e-4,0.0014
Barrie,PM25,2017-2019,April,0.0104,0.048
Barrie,PM25,2017-2019,May,0.0068,0.0014
Barrie,PM25,2017-2019,June,0.5771,0.1687
Barrie,PM25,2020,January,0.8414,0.2084
Barrie,PM25,2020,February,0.0382,0.1362
Barrie,PM25,2020,March,0.3529,0.0909
Barrie,PM25,2020,April,0.2043,0.1436
Barrie,PM25,2020,May,0.2884,0.6738
Barrie,PM25,2020,June,0.1182,0.5559
Barrie,NO2,2017-2019,January,0.5326,0.2163
Barrie,NO2,2017-2019,February,0.2105,0.01
Barrie,NO2,2017-2019,March,0,0.0083
Barrie,NO2,2017-2019,April,0.009,0.081
Barrie,NO2,2017-2019,May,0.0214,0.0192
Barrie,NO2,2017-2019,June,0.8131,0.8618
Barrie,NO2,2020,January,0.5846,0.8423
Barrie,NO2,2020,February,0.153,0.4402
Barrie,NO2,2020,March,0.719,0.4518
Barrie,NO2,2020,April,0.3931,0.927
Barrie,NO2,2020,May,0.1034,0.0844
Barrie,NO2,2020,June,0.4012,0.5562
Belleville,O3,2017-2019,January,0.7858,0.8345
Belleville,O3,2017-2019,February,0.0469,0.0028
Belleville,O3,2017-2019,March,0.4028,0.2138
Belleville,O3,2017-2019,April,0.0735,0.086
Belleville,O3,2017-2019,May,7e-4,0.007
Belleville,O3,2017-2019,June,0.5104,0.3935
Belleville,O3,2020,January,0.75,0.4634
Belleville,O3,2020,February,0.3783,0.243
Belleville,O3,2020,March,4e-4,0
Belleville,O3,2020,April,0.5375,0.6481
Belleville,O3,2020,May,0.3156,0.8082
Belleville,O3,2020,June,0.0095,0.0064
Belleville,PM25,2017-2019,January,0.2026,0.2753
Belleville,PM25,2017-2019,February,0.0733,0.057
Belleville,PM25,2017-2019,March,0.004,0.0024
Belleville,PM25,2017-2019,April,0.3344,0.0303
Belleville,PM25,2017-2019,May,0.0123,0.0084
Belleville,PM25,2017-2019,June,0.5555,0.2138
Belleville,PM25,2020,January,0.972,0.8655
Belleville,PM25,2020,February,0.4967,0.5253
Belleville,PM25,2020,March,0.2613,0.0611
Belleville,PM25,2020,April,0.7289,0.6945
Belleville,PM25,2020,May,0.6289,0.9274
Belleville,PM25,2020,June,0.0189,0.0014
Belleville,NO2,2017-2019,January,0.3781,0.8312
Belleville,NO2,2017-2019,February,0.3427,0.6115
Belleville,NO2,2017-2019,March,0,4e-4
Belleville,NO2,2017-2019,April,0.6913,0.4842
Belleville,NO2,2017-2019,May,0.5249,0.9471
Belleville,NO2,2017-2019,June,0.7004,0.8652
Belleville,NO2,2020,January,0.5313,0.8278
Belleville,NO2,2020,February,0.3381,0.364
Belleville,NO2,2020,March,0.5301,0.8142
Belleville,NO2,2020,April,0.042,0.2321
Belleville,NO2,2020,May,0.9848,0.7847
Belleville,NO2,2020,June,0.0925,0.1226
Brantford,O3,2017-2019,January,0.2488,0.3353
Brantford,O3,2017-2019,February,0.6907,0.741
Brantford,O3,2017-2019,March,0.3207,0.3203
Brantford,O3,2017-2019,April,0.129,0.2296
Brantford,O3,2017-2019,May,6e-4,0.0175
Brantford,O3,2017-2019,June,0.9572,0.5302
Brantford,O3,2020,January,0.8145,0.8494
Brantford,O3,2020,February,0.104,0.8119
Brantford,O3,2020,March,1e-4,2e-4
Brantford,O3,2020,April,0.4738,0.2111
Brantford,O3,2020,May,0.0658,0.4095
Brantford,O3,2020,June,0.0781,0.1084
Brantford,PM25,2017-2019,January,0.8153,0.921
Brantford,PM25,2017-2019,February,0.5939,0.9621
Brantford,PM25,2017-2019,March,0.0159,0.069
Brantford,PM25,2017-2019,April,0.2472,0.4978
Brantford,PM25,2017-2019,May,0.0028,0.0021
Brantford,PM25,2017-2019,June,0.5417,0.4308
Brantford,PM25,2020,January,0.6774,0.77
Brantford,PM25,2020,February,0.026,0.0283
Brantford,PM25,2020,March,0.9065,0.1318
Brantford,PM25,2020,April,0.2834,0.6978
Brantford,PM25,2020,May,0.075,0.126
Brantford,PM25,2020,June,0.3266,0.3751
Brantford,NO2,2017-2019,January,0.6844,0.1322
Brantford,NO2,2017-2019,February,0.0837,0.0487
Brantford,NO2,2017-2019,March,0.0082,0.5889
Brantford,NO2,2017-2019,April,0.0727,0.2742
Brantford,NO2,2017-2019,May,0.1957,0.0617
Brantford,NO2,2017-2019,June,0.1383,0.2022
Brantford,NO2,2020,January,0.8306,0.6798
Brantford,NO2,2020,February,0.0901,0.4099
Brantford,NO2,2020,March,0.7103,0.4535
Brantford,NO2,2020,April,0.0086,0.0264
Brantford,NO2,2020,May,0.2435,0.1181
Brantford,NO2,2020,June,0.3266,0.3492
Burlington,O3,2017-2019,January,0.3643,0.3267
Burlington,O3,2017-2019,February,0.2716,0.538
Burlington,O3,2017-2019,March,0.9151,0.671
Burlington,O3,2017-2019,April,0.5341,0.9386
Burlington,O3,2017-2019,May,6e-4,0.0024
Burlington,O3,2017-2019,June,0.8414,0.425
Burlington,O3,2020,January,0.3848,0.2833
Burlington,O3,2020,February,0.0213,0.2803
Burlington,O3,2020,March,0.0276,0.0713
Burlington,O3,2020,April,0.1224,0.0625
Burlington,O3,2020,May,0.7731,0.453
Burlington,O3,2020,June,0.0072,0.0012
Burlington,PM25,2017-2019,January,0.4736,0.3564
Burlington,PM25,2017-2019,February,0.2232,0.5137
Burlington,PM25,2017-2019,March,0.0017,0.0124
Burlington,PM25,2017-2019,April,0.2959,0.5532
Burlington,PM25,2017-2019,May,0.1702,0.01
Burlington,PM25,2017-2019,June,0.0274,0.094
Burlington,PM25,2020,January,0.1271,0.0598
Burlington,PM25,2020,February,0.0147,0.0638
Burlington,PM25,2020,March,0.9451,0.809
Burlington,PM25,2020,April,0.1741,0.9334
Burlington,PM25,2020,May,0.4184,0.6468
Burlington,PM25,2020,June,0.0786,0.1761
Burlington,NO2,2017-2019,January,0.5924,0.6423
Burlington,NO2,2017-2019,February,0.2428,0.2712
Burlington,NO2,2017-2019,March,0.0015,0.0156
Burlington,NO2,2017-2019,April,0.0191,0.022
Burlington,NO2,2017-2019,May,0.1218,0.2403
Burlington,NO2,2017-2019,June,0.6792,0.2166
Burlington,NO2,2020,January,0.7498,0.7353
Burlington,NO2,2020,February,0.0938,0.5839
Burlington,NO2,2020,March,0.5771,0.8836
Burlington,NO2,2020,April,0.061,0.0813
Burlington,NO2,2020,May,0.0465,0.043
Burlington,NO2,2020,June,0.7352,0.4893
Brampton,O3,2017-2019,January,0.3271,0.2198
Brampton,O3,2017-2019,February,0.5656,0.9264
Brampton,O3,2017-2019,March,0.77,0.7899
Brampton,O3,2017-2019,April,0.1172,0.3148
Brampton,O3,2017-2019,May,0,9e-4
Brampton,O3,2017-2019,June,0.5044,0.1004
Brampton,O3,2020,January,0.9523,0.1307
Brampton,O3,2020,February,0.0067,0.1035
Brampton,O3,2020,March,0.0075,0.006
Brampton,O3,2020,April,0.014,0.03
Brampton,O3,2020,May,0.7566,0.2285
Brampton,O3,2020,June,0.0028,0.0139
Brampton,PM25,2017-2019,January,0.4364,0.8239
Brampton,PM25,2017-2019,February,0.3582,0.8919
Brampton,PM25,2017-2019,March,0.0186,0.0211
Brampton,PM25,2017-2019,April,0.1613,0.8683
Brampton,PM25,2017-2019,May,0.0146,0.0158
Brampton,PM25,2017-2019,June,0.8207,0.7871
Brampton,PM25,2020,January,0.9301,0.6015
Brampton,PM25,2020,February,0.0256,0.0466
Brampton,PM25,2020,March,0.4726,0.2091
Brampton,PM25,2020,April,0.2245,0.3194
Brampton,PM25,2020,May,0.4337,0.2988
Brampton,PM25,2020,June,0.1936,0.1539
Brampton,NO2,2017-2019,January,0.7375,0.8087
Brampton,NO2,2017-2019,February,0.947,0.362
Brampton,NO2,2017-2019,March,0.18,0.8499
Brampton,NO2,2017-2019,April,0.6668,0.7729
Brampton,NO2,2017-2019,May,0.8818,0.8478
Brampton,NO2,2017-2019,June,0.504,0.3785
Brampton,NO2,2020,January,0.8306,0.8946
Brampton,NO2,2020,February,0.004,0.0735
Brampton,NO2,2020,March,0.7428,0.5134
Brampton,NO2,2020,April,0.0012,0.0198
Brampton,NO2,2020,May,0.0301,0.0379
Brampton,NO2,2020,June,0.1526,0.4572
Chatham,O3,2017-2019,January,0.1075,0.072
Chatham,O3,2017-2019,February,0.3067,0.5548
Chatham,O3,2017-2019,March,0.0228,0.2297
Chatham,O3,2017-2019,April,0.0929,0.0074
Chatham,O3,2017-2019,May,0.0383,0.3198
Chatham,O3,2017-2019,June,0.42,0.3814
Chatham,O3,2020,January,0.9015,0.1601
Chatham,O3,2020,February,0.0294,0.1851
Chatham,O3,2020,March,0,4e-4
Chatham,O3,2020,April,0.5467,0.1776
Chatham,O3,2020,May,0.2409,0.1563
Chatham,O3,2020,June,0.1086,0.0669
Chatham,PM25,2017-2019,January,0.275,0.8862
Chatham,PM25,2017-2019,February,0.6392,0.8897
Chatham,PM25,2017-2019,March,0.0036,1e-4
Chatham,PM25,2017-2019,April,0.6495,0.9409
Chatham,PM25,2017-2019,May,0.0773,0.031
Chatham,PM25,2017-2019,June,0.6727,0.1959
Chatham,PM25,2020,January,0.369,0.5126
Chatham,PM25,2020,February,0.0674,0.2393
Chatham,PM25,2020,March,0.1333,0.0771
Chatham,PM25,2020,April,0.7977,0.7817
Chatham,PM25,2020,May,0.5047,0.6713
Chatham,PM25,2020,June,0.2925,0.2693
Chatham,NO2,2017-2019,January,0.0093,0.0098
Chatham,NO2,2017-2019,February,0.1438,0.1196
Chatham,NO2,2017-2019,March,0.001,0.0051
Chatham,NO2,2017-2019,April,0.1223,0.1006
Chatham,NO2,2017-2019,May,0.0651,0.235
Chatham,NO2,2017-2019,June,0,2e-4
Chatham,NO2,2020,January,0.3026,0.269
Chatham,NO2,2020,February,0.0089,0.09
Chatham,NO2,2020,March,0.5133,0.9732
Chatham,NO2,2020,April,0.0228,8e-4
Chatham,NO2,2020,May,0.0111,0.1397
Chatham,NO2,2020,June,0.7957,0.6592
Cornwall,O3,2017-2019,January,0.7638,0.8168
Cornwall,O3,2017-2019,February,0.6339,0.6442
Cornwall,O3,2017-2019,March,0.0475,0.1997
Cornwall,O3,2017-2019,April,0.1344,0.0329
Cornwall,O3,2017-2019,May,9e-4,0
Cornwall,O3,2017-2019,June,0.787,0.7295
Cornwall,O3,2020,January,0.3673,0.4241
Cornwall,O3,2020,February,0.8052,0.6522
Cornwall,O3,2020,March,0.0728,0.0169
Cornwall,O3,2020,April,0.2074,0.2606
Cornwall,O3,2020,May,0.7222,0.3375
Cornwall,O3,2020,June,0.2048,0.0311
Cornwall,PM25,2017-2019,January,0.1826,0.8535
Cornwall,PM25,2017-2019,February,0.5048,0.0681
Cornwall,PM25,2017-2019,March,0.5272,0.1739
Cornwall,PM25,2017-2019,April,0.2955,0.565
Cornwall,PM25,2017-2019,May,0.026,0.0379
Cornwall,PM25,2017-2019,June,0.0644,0.0035
Cornwall,PM25,2020,January,0.9771,0.3173
Cornwall,PM25,2020,February,0.6907,0.6884
Cornwall,PM25,2020,March,0.9297,0.147
Cornwall,PM25,2020,April,0.556,0.0465
Cornwall,PM25,2020,May,0.1371,0.2187
Cornwall,PM25,2020,June,0.0038,0.0021
Cornwall,NO2,2017-2019,January,0.2079,0.2503
Cornwall,NO2,2017-2019,February,0.9514,0.9955
Cornwall,NO2,2017-2019,March,0.771,0.7447
Cornwall,NO2,2017-2019,April,0.1942,0.048
Cornwall,NO2,2017-2019,May,0.7797,0.4404
Cornwall,NO2,2017-2019,June,8e-4,0.005
Cornwall,NO2,2020,January,0.9482,0.9753
Cornwall,NO2,2020,February,0.9513,0.4347
Cornwall,NO2,2020,March,0.0947,0.8951
Cornwall,NO2,2020,April,0.6754,0.5074
Cornwall,NO2,2020,May,0.7972,0.8302
Cornwall,NO2,2020,June,0.6962,0.0759
Grand_Bend,O3,2017-2019,January,0.0338,0.0239
Grand_Bend,O3,2017-2019,February,0.2464,0.304
Grand_Bend,O3,2017-2019,March,0.0011,0.0542
Grand_Bend,O3,2017-2019,April,0.0027,5e-4
Grand_Bend,O3,2017-2019,May,0.0828,0.441
Grand_Bend,O3,2017-2019,June,0.962,0.8847
Grand_Bend,O3,2020,January,0.3017,0.541
Grand_Bend,O3,2020,February,0.013,0.0786
Grand_Bend,O3,2020,March,0,2e-4
Grand_Bend,O3,2020,April,0.8677,0.791
Grand_Bend,O3,2020,May,0.4953,0.893
Grand_Bend,O3,2020,June,0.0745,0.1567
Grand_Bend,PM25,2017-2019,January,0.2715,0.5812
Grand_Bend,PM25,2017-2019,February,0.7747,0.5557
Grand_Bend,PM25,2017-2019,March,3e-4,0.0056
Grand_Bend,PM25,2017-2019,April,0.0196,0.0868
Grand_Bend,PM25,2017-2019,May,7e-4,3e-4
Grand_Bend,PM25,2017-2019,June,0.0142,0.02
Grand_Bend,PM25,2020,January,0.8613,0.8368
Grand_Bend,PM25,2020,February,0.0164,0.0224
Grand_Bend,PM25,2020,March,0.8169,0.5787
Grand_Bend,PM25,2020,April,0.9613,0.5555
Grand_Bend,PM25,2020,May,0.4843,0.7078
Grand_Bend,PM25,2020,June,0.3113,0.171
Grand_Bend,NO2,2017-2019,January,0.0999,0.6537
Grand_Bend,NO2,2017-2019,February,0.0729,0.43
Grand_Bend,NO2,2017-2019,March,0.2196,0.2582
Grand_Bend,NO2,2017-2019,April,0.1756,0.4667
Grand_Bend,NO2,2017-2019,May,0,0
Grand_Bend,NO2,2017-2019,June,0.3763,0.2074
Grand_Bend,NO2,2020,January,0.0052,0.0243
Grand_Bend,NO2,2020,February,0,2e-4
Grand_Bend,NO2,2020,March,0.8835,0.9439
Grand_Bend,NO2,2020,April,0.0059,0.0141
Grand_Bend,NO2,2020,May,0.3499,0.7717
Grand_Bend,NO2,2020,June,0.2899,0.1549
Guelph,O3,2017-2019,January,0.6477,0.7327
Guelph,O3,2017-2019,February,0.7425,0.8906
Guelph,O3,2017-2019,March,0.7687,0.6913
Guelph,O3,2017-2019,April,0.0215,0.0805
Guelph,O3,2017-2019,May,0,1e-4
Guelph,O3,2017-2019,June,0.0761,0.0684
Guelph,O3,2020,January,0.5696,0.6348
Guelph,O3,2020,February,0.8591,0.7661
Guelph,O3,2020,March,0,0
Guelph,O3,2020,April,0.7923,0.496
Guelph,O3,2020,May,0.3641,0.8331
Guelph,O3,2020,June,0.0305,0.053
Guelph,PM25,2017-2019,January,0.7453,0.7835
Guelph,PM25,2017-2019,February,0.2459,0.7145
Guelph,PM25,2017-2019,March,0.0047,0.0115
Guelph,PM25,2017-2019,April,0.2177,0.8173
Guelph,PM25,2017-2019,May,7e-4,0.0044
Guelph,PM25,2017-2019,June,0.1703,0.1806
Guelph,PM25,2020,January,0.9251,0.6503
Guelph,PM25,2020,February,0.0135,0.0117
Guelph,PM25,2020,March,0.3457,0.3695
Guelph,PM25,2020,April,0.4796,0.8379
Guelph,PM25,2020,May,0.5143,0.2629
Guelph,PM25,2020,June,0.0139,0.0199
Guelph,NO2,2017-2019,January,0.2309,0.1392
Guelph,NO2,2017-2019,February,0.1502,0.1478
Guelph,NO2,2017-2019,March,0.0172,0.1665
Guelph,NO2,2017-2019,April,0.0437,0.0185
Guelph,NO2,2017-2019,May,0.1234,0.2289
Guelph,NO2,2017-2019,June,0.9744,0.9599
Guelph,NO2,2020,January,0.6225,0.9269
Guelph,NO2,2020,February,0.0042,0.0242
Guelph,NO2,2020,March,0.4873,0.2391
Guelph,NO2,2020,April,0.0069,0.0464
Guelph,NO2,2020,May,0.15310000000000001,0.0962
Guelph,NO2,2020,June,0.2237,0.7531
Hamilton_Downtown,O3,2017-2019,January,0.8228,0.5961
Hamilton_Downtown,O3,2017-2019,February,0.6371,0.5441
Hamilton_Downtown,O3,2017-2019,March,0.2095,0.3707
Hamilton_Downtown,O3,2017-2019,April,0.3365,0.1194
Hamilton_Downtown,O3,2017-2019,May,0.017,0.0586
Hamilton_Downtown,O3,2017-2019,June,0.7528,0.9622
Hamilton_Downtown,O3,2020,January,0.58,0.6428
Hamilton_Downtown,O3,2020,February,0.1212,0.6132
Hamilton_Downtown,O3,2020,March,0.0101,0.0031
Hamilton_Downtown,O3,2020,April,0.2305,0.1447
Hamilton_Downtown,O3,2020,May,0.458,0.4996
Hamilton_Downtown,O3,2020,June,0.0101,0.022
Hamilton_Downtown,PM25,2017-2019,January,0.8561,0.9399
Hamilton_Downtown,PM25,2017-2019,February,0.6264,0.4999
Hamilton_Downtown,PM25,2017-2019,March,0.0506,0.1406
Hamilton_Downtown,PM25,2017-2019,April,0.3873,0.842
Hamilton_Downtown,PM25,2017-2019,May,0.0045,0.1655
Hamilton_Downtown,PM25,2017-2019,June,0.0664,0.177
Hamilton_Downtown,PM25,2020,January,0.8219,0.6089
Hamilton_Downtown,PM25,2020,February,0.0807,0.4321
Hamilton_Downtown,PM25,2020,March,0.2911,0.2852
Hamilton_Downtown,PM25,2020,April,0.1905,0.6786
Hamilton_Downtown,PM25,2020,May,0.5138,0.2663
Hamilton_Downtown,PM25,2020,June,0.8879,0.7344
Hamilton_Downtown,NO2,2017-2019,January,0.9213,0.7518
Hamilton_Downtown,NO2,2017-2019,February,0.8935,0.3721
Hamilton_Downtown,NO2,2017-2019,March,0.2216,0.7189
Hamilton_Downtown,NO2,2017-2019,April,0.7338,0.815
Hamilton_Downtown,NO2,2017-2019,May,0.0871,0.0795
Hamilton_Downtown,NO2,2017-2019,June,0.242,0.1711
Hamilton_Downtown,NO2,2020,January,0.7222,0.55
Hamilton_Downtown,NO2,2020,February,0.0711,0.4139
Hamilton_Downtown,NO2,2020,March,0.3501,0.8037
Hamilton_Downtown,NO2,2020,April,0.0098,0.0666
Hamilton_Downtown,NO2,2020,May,0.1667,0.3739
Hamilton_Downtown,NO2,2020,June,0.0136,0.0501
Hamilton_Downtown,CO,2017-2019,January,0.6949,0.7818
Hamilton_Downtown,CO,2017-2019,February,0.8324,0.3649
Hamilton_Downtown,CO,2017-2019,March,0.3791,0.9279
Hamilton_Downtown,CO,2017-2019,April,0.2695,0.4648
Hamilton_Downtown,CO,2017-2019,May,0.2039,0.5303
Hamilton_Downtown,CO,2017-2019,June,0.0154,0.0912
Hamilton_Downtown,CO,2020,January,0.3397,0.1457
Hamilton_Downtown,CO,2020,February,0.0264,0.1716
Hamilton_Downtown,CO,2020,March,0.8347,0.4807
Hamilton_Downtown,CO,2020,April,0.0018,0.0131
Hamilton_Downtown,CO,2020,May,0.4781,0.7439
Hamilton_Downtown,CO,2020,June,0.2263,0.351
Hamilton_Downtown,SO2,2017-2019,January,0.2268,0.7732
Hamilton_Downtown,SO2,2017-2019,February,0.9204,0.3394
Hamilton_Downtown,SO2,2017-2019,March,0.2531,0.1446
Hamilton_Downtown,SO2,2017-2019,April,0.2911,0.6493
Hamilton_Downtown,SO2,2017-2019,May,0.0131,0.6817
Hamilton_Downtown,SO2,2017-2019,June,0.1303,0.093
Hamilton_Downtown,SO2,2020,January,0.2304,0.5945
Hamilton_Downtown,SO2,2020,February,0.6395,0.7966
Hamilton_Downtown,SO2,2020,March,0.9716,0.7423
Hamilton_Downtown,SO2,2020,April,0.3777,0.3772
Hamilton_Downtown,SO2,2020,May,0.7613,0.5212
Hamilton_Downtown,SO2,2020,June,0.3458,0.2891
Hamilton_West,O3,2017-2019,January,0.1883,0.2449
Hamilton_West,O3,2017-2019,February,0.3259,0.8674
Hamilton_West,O3,2017-2019,March,0.1255,0.4526
Hamilton_West,O3,2017-2019,April,0.2467,0.1187
Hamilton_West,O3,2017-2019,May,0.0178,0.0368
Hamilton_West,O3,2017-2019,June,0.2102,0.6912
Hamilton_West,O3,2020,January,0.192,0.3587
Hamilton_West,O3,2020,February,0.457,0.8626
Hamilton_West,O3,2020,March,0.0288,0.0145
Hamilton_West,O3,2020,April,0.4158,0.5001
Hamilton_West,O3,2020,May,0.4737,0.8853
Hamilton_West,O3,2020,June,0.0207,0.0162
Hamilton_West,PM25,2017-2019,January,0.6649,0.9868
Hamilton_West,PM25,2017-2019,February,0.5505,0.5637
Hamilton_West,PM25,2017-2019,March,0.0107,0.0277
Hamilton_West,PM25,2017-2019,April,0.2578,0.6973
Hamilton_West,PM25,2017-2019,May,0,2e-4
Hamilton_West,PM25,2017-2019,June,0.0122,0.0667
Hamilton_West,PM25,2020,January,0.5408,0.6624
Hamilton_West,PM25,2020,February,0.0315,0.1976
Hamilton_West,PM25,2020,March,0.3358,0.5116
Hamilton_West,PM25,2020,April,0.2627,0.376
Hamilton_West,PM25,2020,May,0.2676,0.0296
Hamilton_West,PM25,2020,June,0.6514,0.2723
Hamilton_West,NO2,2017-2019,January,0.3315,0.4488
Hamilton_West,NO2,2017-2019,February,0.7652,0.4287
Hamilton_West,NO2,2017-2019,March,0.019,0.1442
Hamilton_West,NO2,2017-2019,April,0.154,0.2822
Hamilton_West,NO2,2017-2019,May,0.1629,0.5831
Hamilton_West,NO2,2017-2019,June,0.0207,0.0138
Hamilton_West,NO2,2020,January,0.9537,0.4656
Hamilton_West,NO2,2020,February,0.0996,0.5617
Hamilton_West,NO2,2020,March,0.723,0.7123
Hamilton_West,NO2,2020,April,0.0568,0.1792
Hamilton_West,NO2,2020,May,0.1358,0.0902
Hamilton_West,NO2,2020,June,0.0659,0.1863
Hamilton_Mountain,O3,2017-2019,January,0.1978,0.2565
Hamilton_Mountain,O3,2017-2019,February,0.7089,0.9951
Hamilton_Mountain,O3,2017-2019,March,0.0462,0.0953
Hamilton_Mountain,O3,2017-2019,April,0.1566,0.1502
Hamilton_Mountain,O3,2017-2019,May,0.001,0.0104
Hamilton_Mountain,O3,2017-2019,June,0.8811,0.6423
Hamilton_Mountain,O3,2020,January,0.5597,0.9018
Hamilton_Mountain,O3,2020,February,0.2211,0.897
Hamilton_Mountain,O3,2020,March,0.0012,0.001
Hamilton_Mountain,O3,2020,April,0.1476,0.06
Hamilton_Mountain,O3,2020,May,0.2678,0.6857
Hamilton_Mountain,O3,2020,June,0.0194,0.0369
Hamilton_Mountain,PM25,2017-2019,January,0.9529,0.7877
Hamilton_Mountain,PM25,2017-2019,February,0.7025,0.653
Hamilton_Mountain,PM25,2017-2019,March,0.0119,0.0209
Hamilton_Mountain,PM25,2017-2019,April,0.8632,0.5836
Hamilton_Mountain,PM25,2017-2019,May,0.0194,0.0247
Hamilton_Mountain,PM25,2017-2019,June,0.0266,0.0444
Hamilton_Mountain,PM25,2020,January,0.6364,0.4904
Hamilton_Mountain,PM25,2020,February,0.0657,0.2675
Hamilton_Mountain,PM25,2020,March,0.2441,0.11
Hamilton_Mountain,PM25,2020,April,0.1454,0.1903
Hamilton_Mountain,PM25,2020,May,0.3571,0.423
Hamilton_Mountain,PM25,2020,June,0.5046,0.2836
Hamilton_Mountain,NO2,2017-2019,January,0.5952,0.2201
Hamilton_Mountain,NO2,2017-2019,February,0.7299,0.1809
Hamilton_Mountain,NO2,2017-2019,March,0.1856,0.3706
Hamilton_Mountain,NO2,2017-2019,April,0.3076,0.8103
Hamilton_Mountain,NO2,2017-2019,May,0.4647,0.5796
Hamilton_Mountain,NO2,2017-2019,June,0.3681,0.4094
Hamilton_Mountain,NO2,2020,January,0.9505,0.1964
Hamilton_Mountain,NO2,2020,February,0.2928,0.7826
Hamilton_Mountain,NO2,2020,March,0.4655,0.3722
Hamilton_Mountain,NO2,2020,April,0.0915,0.1118
Hamilton_Mountain,NO2,2020,May,0.6869,0.8596
Hamilton_Mountain,NO2,2020,June,0.4594,0.1047
Hamilton_Mountain,SO2,2017-2019,January,0.1018,0.1486
Hamilton_Mountain,SO2,2017-2019,February,0.0765,0.201
Hamilton_Mountain,SO2,2017-2019,March,0.1592,0.1983
Hamilton_Mountain,SO2,2017-2019,April,0.0457,0.0824
Hamilton_Mountain,SO2,2017-2019,May,0.0649,0.362
Hamilton_Mountain,SO2,2017-2019,June,0.0382,0.097
Hamilton_Mountain,SO2,2020,January,0.097,0.7959
Hamilton_Mountain,SO2,2020,February,0.7676,0.4583
Hamilton_Mountain,SO2,2020,March,0.0815,0.2025
Hamilton_Mountain,SO2,2020,April,0.6477,0.9538
Hamilton_Mountain,SO2,2020,May,0.7105,0.681
Hamilton_Mountain,SO2,2020,June,0.7968,0.1403
Kingston,O3,2017-2019,January,0.5859,0.8799
Kingston,O3,2017-2019,February,0.1577,0.2678
Kingston,O3,2017-2019,March,0.0532,0.152
Kingston,O3,2017-2019,April,0.033,0.0264
Kingston,O3,2017-2019,May,0.0014,0.0189
Kingston,O3,2017-2019,June,0.7826,0.5827
Kingston,O3,2020,January,0.4402,0.5023
Kingston,O3,2020,February,0.7563,0.9554
Kingston,O3,2020,March,0.0011,0.0079
Kingston,O3,2020,April,0.305,0.1888
Kingston,O3,2020,May,0.783,0.4274
Kingston,O3,2020,June,0.0389,0.0294
Kingston,PM25,2017-2019,January,0.0858,0.0168
Kingston,PM25,2017-2019,February,0.1826,0.1556
Kingston,PM25,2017-2019,March,0.0389,0.006
Kingston,PM25,2017-2019,April,0.2442,0.508
Kingston,PM25,2017-2019,May,0,1e-4
Kingston,PM25,2017-2019,June,0.3089,0.2815
Kingston,PM25,2020,January,0.97,0.9371
Kingston,PM25,2020,February,0.271,0.6498
Kingston,PM25,2020,March,0.6827,0.2167
Kingston,PM25,2020,April,0.1687,0.3858
Kingston,PM25,2020,May,0.6562,0.3822
Kingston,PM25,2020,June,0.1596,0.0869
Kingston,NO2,2017-2019,January,0.0054,0.0058
Kingston,NO2,2017-2019,February,0.3505,0.7819
Kingston,NO2,2017-2019,March,0.0794,0.2614
Kingston,NO2,2017-2019,April,0.2584,0.1565
Kingston,NO2,2017-2019,May,0.3177,0.5466
Kingston,NO2,2017-2019,June,0.0167,0.0185
Kingston,NO2,2020,January,0.2066,0.0178
Kingston,NO2,2020,February,0.0197,0.025
Kingston,NO2,2020,March,0.1535,0.6077
Kingston,NO2,2020,April,0.0164,0.0206
Kingston,NO2,2020,May,0.0279,0.2278
Kingston,NO2,2020,June,0.4198,0.9002
Kitchener,O3,2017-2019,January,0.6274,0.3957
Kitchener,O3,2017-2019,February,0.9136,0.4938
Kitchener,O3,2017-2019,March,0.9683,0.5279
Kitchener,O3,2017-2019,April,0.6602,0.5079
Kitchener,O3,2017-2019,May,0.0094,0.0212
Kitchener,O3,2017-2019,June,0.7007,0.24
Kitchener,O3,2020,January,0.687,0.8666
Kitchener,O3,2020,February,0.0326,0.2534
Kitchener,O3,2020,March,0,0.0065
Kitchener,O3,2020,April,0.4339,0.4938
Kitchener,O3,2020,May,0.044,0.753
Kitchener,O3,2020,June,0.044,0.0591
Kitchener,PM25,2017-2019,January,0.9177,0.9648
Kitchener,PM25,2017-2019,February,0.5778,0.9262
Kitchener,PM25,2017-2019,March,0.0102,0.0065
Kitchener,PM25,2017-2019,April,0.3265,0.781
Kitchener,PM25,2017-2019,May,0.0013,0.0068
Kitchener,PM25,2017-2019,June,0.6959,0.3503
Kitchener,PM25,2020,January,0.599,0.6234
Kitchener,PM25,2020,February,0.0517,0.0344
Kitchener,PM25,2020,March,0.1937,0.0744
Kitchener,PM25,2020,April,0.2967,0.6376
Kitchener,PM25,2020,May,0.3649,0.3804
Kitchener,PM25,2020,June,0.2786,0.434
Kitchener,NO2,2017-2019,January,0.4732,0.15
Kitchener,NO2,2017-2019,February,0.5616,0.5591
Kitchener,NO2,2017-2019,March,3e-4,0.003
Kitchener,NO2,2017-2019,April,0.0417,0.0297
Kitchener,NO2,2017-2019,May,0.6872,0.9783
Kitchener,NO2,2017-2019,June,0.7075,0.9585
Kitchener,NO2,2020,January,0.6382,0.4886
Kitchener,NO2,2020,February,0.0571,0.3305
Kitchener,NO2,2020,March,0.6563,0.2398
Kitchener,NO2,2020,April,0.0283,0.0875
Kitchener,NO2,2020,May,0.1093,0.0324
Kitchener,NO2,2020,June,0,1e-4
London,O3,2017-2019,January,0.6896,0.5646
London,O3,2017-2019,February,0.3138,0.3284
London,O3,2017-2019,March,0.0469,0.1074
London,O3,2017-2019,April,0.3864,0.1316
London,O3,2017-2019,May,0.0013,0.0187
London,O3,2017-2019,June,0.4875,0.716
London,O3,2020,January,0.4472,0.5139
London,O3,2020,February,0.0058,0.053900000000000003
London,O3,2020,March,0,0
London,O3,2020,April,0.7163,0.6133
London,O3,2020,May,0.1197,0.4041
London,O3,2020,June,0.3208,0.5062
London,PM25,2017-2019,January,0.6659,0.7078
London,PM25,2017-2019,February,0.8601,0.9468
London,PM25,2017-2019,March,0.015,0.0059
London,PM25,2017-2019,April,0.4713,0.8383
London,PM25,2017-2019,May,3e-4,0.004
London,PM25,2017-2019,June,0.2518,0.1517
London,PM25,2020,January,0.9574,0.6783
London,PM25,2020,February,0.0581,0.1433
London,PM25,2020,March,0.4643,0.0399
London,PM25,2020,April,0.1089,0.0111
London,PM25,2020,May,0.0515,0.1654
London,PM25,2020,June,0.0854,0.1298
London,NO2,2017-2019,January,0.6607,0.7107
London,NO2,2017-2019,February,0.3921,0.66
London,NO2,2017-2019,March,0,1e-4
London,NO2,2017-2019,April,0.0113,0.0282
London,NO2,2017-2019,May,0.0683,0.1474
London,NO2,2017-2019,June,0.2752,0.3626
London,NO2,2020,January,0.7973,0.5948
London,NO2,2020,February,0.0146,0.0773
London,NO2,2020,March,0.2702,0.8829
London,NO2,2020,April,0.0011,0.0103
London,NO2,2020,May,0.0016,0.0163
London,NO2,2020,June,0.0053,0.0161
Milton,O3,2017-2019,January,NA,NA
Milton,O3,2017-2019,February,NA,NA
Milton,O3,2017-2019,March,NA,NA
Milton,O3,2017-2019,April,NA,NA
Milton,O3,2017-2019,May,NA,NA
Milton,O3,2017-2019,June,NA,NA
Milton,O3,2020,January,0.6718,0.879
Milton,O3,2020,February,0.2068,0.3973
Milton,O3,2020,March,0.0285,0.0102
Milton,O3,2020,April,0.0093,0.0531
Milton,O3,2020,May,0.0487,0.1559
Milton,O3,2020,June,0.0068,0.0288
Milton,PM25,2017-2019,January,NA,NA
Milton,PM25,2017-2019,February,NA,NA
Milton,PM25,2017-2019,March,NA,NA
Milton,PM25,2017-2019,April,NA,NA
Milton,PM25,2017-2019,May,NA,NA
Milton,PM25,2017-2019,June,NA,NA
Milton,PM25,2020,January,0.7664,0.7553
Milton,PM25,2020,February,0.096,0.3071
Milton,PM25,2020,March,0.1744,0.1044
Milton,PM25,2020,April,0.178,0.1672
Milton,PM25,2020,May,0.9204,0.2038
Milton,PM25,2020,June,0.6678,0.3934
Milton,NO2,2017-2019,January,NA,NA
Milton,NO2,2017-2019,February,NA,NA
Milton,NO2,2017-2019,March,NA,NA
Milton,NO2,2017-2019,April,NA,NA
Milton,NO2,2017-2019,May,NA,NA
Milton,NO2,2017-2019,June,NA,NA
Milton,NO2,2020,January,0.1605,0.1124
Milton,NO2,2020,February,0.1438,0.8447
Milton,NO2,2020,March,0.1098,0.1268
Milton,NO2,2020,April,0.0086,0.0137
Milton,NO2,2020,May,0.1479,0.0178
Milton,NO2,2020,June,0.0419,0.0808
Milton,SO2,2017-2019,January,NA,NA
Milton,SO2,2017-2019,February,NA,NA
Milton,SO2,2017-2019,March,NA,NA
Milton,SO2,2017-2019,April,NA,NA
Milton,SO2,2017-2019,May,NA,NA
Milton,SO2,2017-2019,June,NA,NA
Milton,SO2,2020,January,0,0
Milton,SO2,2020,February,0.2955,0.3246
Milton,SO2,2020,March,0,7e-4
Milton,SO2,2020,April,0,1e-4
Milton,SO2,2020,May,0.0028,0.0057
Milton,SO2,2020,June,1e-4,0.0017
Mississauga,O3,2017-2019,January,0.4853,0.4405
Mississauga,O3,2017-2019,February,0.5817,0.9654
Mississauga,O3,2017-2019,March,0.7527,0.7662
Mississauga,O3,2017-2019,April,0.4059,0.6271
Mississauga,O3,2017-2019,May,0.0027,0.0104
Mississauga,O3,2017-2019,June,0.1046,0.4301
Mississauga,O3,2020,January,0.8286,0.868
Mississauga,O3,2020,February,0.3886,0.4585
Mississauga,O3,2020,March,0.0014,3e-4
Mississauga,O3,2020,April,0.5053,0.4651
Mississauga,O3,2020,May,0.3066,0.8034
Mississauga,O3,2020,June,0.0279,0.0159
Mississauga,PM25,2017-2019,January,0.4956,0.7357
Mississauga,PM25,2017-2019,February,0.2081,0.4983
Mississauga,PM25,2017-2019,March,0.0021,8e-4
Mississauga,PM25,2017-2019,April,0.154,0.3526
Mississauga,PM25,2017-2019,May,0.0045,3e-4
Mississauga,PM25,2017-2019,June,0.409,0.4258
Mississauga,PM25,2020,January,0.6159,0.788
Mississauga,PM25,2020,February,0.0152,0.1364
Mississauga,PM25,2020,March,0.6064,0.5134
Mississauga,PM25,2020,April,0.4453,0.7581
Mississauga,PM25,2020,May,0.7467,0.1327
Mississauga,PM25,2020,June,0.5374,0.5878
Mississauga,NO2,2017-2019,January,0.5919,0.4081
Mississauga,NO2,2017-2019,February,0.4412,0.718
Mississauga,NO2,2017-2019,March,0.0098,0.1759
Mississauga,NO2,2017-2019,April,0.091,0.0806
Mississauga,NO2,2017-2019,May,0.4148,0.1443
Mississauga,NO2,2017-2019,June,0.0203,0.0339
Mississauga,NO2,2020,January,0.9459,0.8069
Mississauga,NO2,2020,February,0.3429,0.5457
Mississauga,NO2,2020,March,0.2404,0.2893
Mississauga,NO2,2020,April,0.0068,0.0802
Mississauga,NO2,2020,May,0.1035,0.126
Mississauga,NO2,2020,June,0.0771,0.2467
Newmarket,O3,2017-2019,January,0.2591,0.3097
Newmarket,O3,2017-2019,February,0.3196,0.251
Newmarket,O3,2017-2019,March,0.3384,0.4422
Newmarket,O3,2017-2019,April,0.0234,0.019
Newmarket,O3,2017-2019,May,0,0.0016
Newmarket,O3,2017-2019,June,0.411,0.5951
Newmarket,O3,2020,January,0.8304,0.6793
Newmarket,O3,2020,February,0.0195,0.085
Newmarket,O3,2020,March,7e-4,0
Newmarket,O3,2020,April,0.9839,0.8652
Newmarket,O3,2020,May,0.366,0.3958
Newmarket,O3,2020,June,0.0289,0.0714
Newmarket,PM25,2017-2019,January,0.0208,0.3536
Newmarket,PM25,2017-2019,February,0.1954,0.4302
Newmarket,PM25,2017-2019,March,0.0422,0.0136
Newmarket,PM25,2017-2019,April,0.1116,0.5189
Newmarket,PM25,2017-2019,May,0.0074,0.0104
Newmarket,PM25,2017-2019,June,0.2616,0.0757
Newmarket,PM25,2020,January,0.9846,0.6443
Newmarket,PM25,2020,February,0.0598,0.1546
Newmarket,PM25,2020,March,0.63,0.0461
Newmarket,PM25,2020,April,0.5564,0.6003
Newmarket,PM25,2020,May,0.5799,0.3855
Newmarket,PM25,2020,June,0.1089,0.0552
Newmarket,NO2,2017-2019,January,0.08,0.0929
Newmarket,NO2,2017-2019,February,0.2945,0.1321
Newmarket,NO2,2017-2019,March,0.0272,0.3708
Newmarket,NO2,2017-2019,April,0.3946,0.3246
Newmarket,NO2,2017-2019,May,0.1562,0.2804
Newmarket,NO2,2017-2019,June,0.9508,0.6328
Newmarket,NO2,2020,January,0.6566,0.7782
Newmarket,NO2,2020,February,2e-4,0.0111
Newmarket,NO2,2020,March,0.3894,0.7446
Newmarket,NO2,2020,April,0.0117,0.011
Newmarket,NO2,2020,May,0.1053,0.1142
Newmarket,NO2,2020,June,0.0358,0.2452
North_Bay,O3,2017-2019,January,0.0033,0.0025
North_Bay,O3,2017-2019,February,0.4038,0.0763
North_Bay,O3,2017-2019,March,0.2806,0.054
North_Bay,O3,2017-2019,April,0.674,0.9212
North_Bay,O3,2017-2019,May,0.787,0.3479
North_Bay,O3,2017-2019,June,0.2698,0.314
North_Bay,O3,2020,January,0.8772,0.709
North_Bay,O3,2020,February,0.0095,0.0316
North_Bay,O3,2020,March,0.2022,0.0406
North_Bay,O3,2020,April,0.0445,0.166
North_Bay,O3,2020,May,0.0697,0.1781
North_Bay,O3,2020,June,0.5155,0.9094
North_Bay,PM25,2017-2019,January,0.2428,0.1944
North_Bay,PM25,2017-2019,February,0.0019,0.0193
North_Bay,PM25,2017-2019,March,0.0011,0.0019
North_Bay,PM25,2017-2019,April,0.003,0.0069
North_Bay,PM25,2017-2019,May,0,0
North_Bay,PM25,2017-2019,June,0.1246,0.0102
North_Bay,PM25,2020,January,0.9605,0.572
North_Bay,PM25,2020,February,0.0248,0.0838
North_Bay,PM25,2020,March,0.9825,0.4383
North_Bay,PM25,2020,April,0.1377,0.3639
North_Bay,PM25,2020,May,0.851,0.9297
North_Bay,PM25,2020,June,0.065,0.2502
North_Bay,NO2,2017-2019,January,0.54,0.6387
North_Bay,NO2,2017-2019,February,0.0847,0.0256
North_Bay,NO2,2017-2019,March,0,0
North_Bay,NO2,2017-2019,April,0.0011,0.0044
North_Bay,NO2,2017-2019,May,0.0164,0.0161
North_Bay,NO2,2017-2019,June,0.1075,0.4215
North_Bay,NO2,2020,January,0.5274,0.9301
North_Bay,NO2,2020,February,0.0041,0.0421
North_Bay,NO2,2020,March,0.2168,0.525
North_Bay,NO2,2020,April,0.0092,0.101
North_Bay,NO2,2020,May,0.2414,0.7312
North_Bay,NO2,2020,June,0.897,0.3916
Oakville,O3,2017-2019,January,0.1163,0.1031
Oakville,O3,2017-2019,February,0.4622,0.9154
Oakville,O3,2017-2019,March,0.4824,0.7973
Oakville,O3,2017-2019,April,0.0568,0.0806
Oakville,O3,2017-2019,May,7e-4,8e-4
Oakville,O3,2017-2019,June,0.636,0.5064
Oakville,O3,2020,January,0.8258,0.8942
Oakville,O3,2020,February,0.156,0.5131
Oakville,O3,2020,March,0.0079,0.0019
Oakville,O3,2020,April,0.7168,0.8306
Oakville,O3,2020,May,0.3937,0.9297
Oakville,O3,2020,June,0.0069,0.0166
Oakville,PM25,2017-2019,January,0.8686,0.9992
Oakville,PM25,2017-2019,February,0.2693,0.8495
Oakville,PM25,2017-2019,March,6e-4,3e-4
Oakville,PM25,2017-2019,April,0.105,0.0636
Oakville,PM25,2017-2019,May,0.0029,0.0014
Oakville,PM25,2017-2019,June,0.1014,0.3989
Oakville,PM25,2020,January,0.1904,0.2222
Oakville,PM25,2020,February,0.0146,0.1257
Oakville,PM25,2020,March,0.846,0.1937
Oakville,PM25,2020,April,0.0435,0.103
Oakville,PM25,2020,May,0.1406,0.0882
Oakville,PM25,2020,June,0.9074,0.8202
Oakville,NO2,2017-2019,January,0.3513,0.8449
Oakville,NO2,2017-2019,February,0.3382,0.3214
Oakville,NO2,2017-2019,March,0.0129,0.0597
Oakville,NO2,2017-2019,April,0.0925,0.2333
Oakville,NO2,2017-2019,May,0.5078,0.2541
Oakville,NO2,2017-2019,June,0.0414,0.0324
Oakville,NO2,2020,January,0.7517,0.8396
Oakville,NO2,2020,February,0.0557,0.5366
Oakville,NO2,2020,March,0.4657,0.8419
Oakville,NO2,2020,April,0.0015,0.026
Oakville,NO2,2020,May,0.0116,0.0061
Oakville,NO2,2020,June,0.0392,0.187
Ottawa_Downtown,O3,2017-2019,January,0.7845,0.2959
Ottawa_Downtown,O3,2017-2019,February,0.7762,0.9218
Ottawa_Downtown,O3,2017-2019,March,0.4189,0.4674
Ottawa_Downtown,O3,2017-2019,April,0.0556,0.1274
Ottawa_Downtown,O3,2017-2019,May,0.0236,0.0191
Ottawa_Downtown,O3,2017-2019,June,0.6728,0.8077
Ottawa_Downtown,O3,2020,January,0.611,0.4619
Ottawa_Downtown,O3,2020,February,0.6209,0.4318
Ottawa_Downtown,O3,2020,March,0.0147,0.0065
Ottawa_Downtown,O3,2020,April,0.832,0.5903
Ottawa_Downtown,O3,2020,May,0.1964,0.3539
Ottawa_Downtown,O3,2020,June,0.013,0.0164
Ottawa_Downtown,PM25,2017-2019,January,0.4137,0.4045
Ottawa_Downtown,PM25,2017-2019,February,0.5924,0.2473
Ottawa_Downtown,PM25,2017-2019,March,0.0144,0.1307
Ottawa_Downtown,PM25,2017-2019,April,0.0693,0.5366
Ottawa_Downtown,PM25,2017-2019,May,0.0311,0.0057
Ottawa_Downtown,PM25,2017-2019,June,0.2881,0.1999
Ottawa_Downtown,PM25,2020,January,0.9589,0.6377
Ottawa_Downtown,PM25,2020,February,0.4888,0.4756
Ottawa_Downtown,PM25,2020,March,0.3126,0.0295
Ottawa_Downtown,PM25,2020,April,0.7519,0.2552
Ottawa_Downtown,PM25,2020,May,0.0328,0.036
Ottawa_Downtown,PM25,2020,June,0.0953,0.0557
Ottawa_Downtown,NO2,2017-2019,January,0.3772,0.7299
Ottawa_Downtown,NO2,2017-2019,February,0.2163,0.2466
Ottawa_Downtown,NO2,2017-2019,March,0.0013,0.0187
Ottawa_Downtown,NO2,2017-2019,April,0.037,0.0621
Ottawa_Downtown,NO2,2017-2019,May,0.0152,0.0699
Ottawa_Downtown,NO2,2017-2019,June,0.8998,0.5866
Ottawa_Downtown,NO2,2020,January,0.6866,0.6328
Ottawa_Downtown,NO2,2020,February,0.2546,0.3072
Ottawa_Downtown,NO2,2020,March,0.5655,0.8489
Ottawa_Downtown,NO2,2020,April,0.0031,0.1751
Ottawa_Downtown,NO2,2020,May,0.0839,0.2183
Ottawa_Downtown,NO2,2020,June,0.023,0.138
Ottawa_Downtown,CO,2017-2019,January,NA,NA
Ottawa_Downtown,CO,2017-2019,February,NA,NA
Ottawa_Downtown,CO,2017-2019,March,0.0811,0.1669
Ottawa_Downtown,CO,2017-2019,April,0.0822,0.1625
Ottawa_Downtown,CO,2017-2019,May,0.002,7e-4
Ottawa_Downtown,CO,2017-2019,June,0.1118,0.0458
Ottawa_Downtown,CO,2020,January,0.5536,0.4805
Ottawa_Downtown,CO,2020,February,0.4342,0.1844
Ottawa_Downtown,CO,2020,March,0.5838,0.1356
Ottawa_Downtown,CO,2020,April,0,0
Ottawa_Downtown,CO,2020,May,0.3427,0.0103
Ottawa_Downtown,CO,2020,June,0.1606,0.3187
Ottawa_Downtown,SO2,2017-2019,January,0.0013,0
Ottawa_Downtown,SO2,2017-2019,February,0.0151,0.0181
Ottawa_Downtown,SO2,2017-2019,March,4e-4,0
Ottawa_Downtown,SO2,2017-2019,April,3e-4,0
Ottawa_Downtown,SO2,2017-2019,May,0,0
Ottawa_Downtown,SO2,2017-2019,June,0,0.0014
Ottawa_Downtown,SO2,2020,January,0.9379,0.6434
Ottawa_Downtown,SO2,2020,February,0.0442,0.0159
Ottawa_Downtown,SO2,2020,March,0.6646,0.0203
Ottawa_Downtown,SO2,2020,April,0.017,0.0031
Ottawa_Downtown,SO2,2020,May,0.0016,0.0192
Ottawa_Downtown,SO2,2020,June,1e-4,0.0062
Oshawa,O3,2017-2019,January,0.9457,0.9396
Oshawa,O3,2017-2019,February,0.5081,0.9189
Oshawa,O3,2017-2019,March,0.0044,0.0011
Oshawa,O3,2017-2019,April,0.0278,0.0419
Oshawa,O3,2017-2019,May,0.0022,0.0017
Oshawa,O3,2017-2019,June,0.0769,0.6206
Oshawa,O3,2020,January,0.8616,0.5196
Oshawa,O3,2020,February,0.0093,0.0608
Oshawa,O3,2020,March,0.1825,0.2243
Oshawa,O3,2020,April,0.0095,0.075
Oshawa,O3,2020,May,0.8962,0.1588
Oshawa,O3,2020,June,1e-4,0.002
Oshawa,PM25,2017-2019,January,0.5567,0.9614
Oshawa,PM25,2017-2019,February,0.7912,0.544
Oshawa,PM25,2017-2019,March,0.0548,0.0426
Oshawa,PM25,2017-2019,April,0.107,0.0249
Oshawa,PM25,2017-2019,May,NA,NA
Oshawa,PM25,2017-2019,June,NA,NA
Oshawa,PM25,2020,January,0.6484,0.9069
Oshawa,PM25,2020,February,0.6509,0.9065
Oshawa,PM25,2020,March,0.7018,0.3258
Oshawa,PM25,2020,April,0.8078,0.6505
Oshawa,PM25,2020,May,0.2519,0.8115
Oshawa,PM25,2020,June,0.064,0.2137
Oshawa,NO2,2017-2019,January,0.0063,0.0076
Oshawa,NO2,2017-2019,February,0.0036,0.0341
Oshawa,NO2,2017-2019,March,0.0115,0.0915
Oshawa,NO2,2017-2019,April,0.0639,0.2
Oshawa,NO2,2017-2019,May,7e-4,9e-4
Oshawa,NO2,2017-2019,June,0,3e-4
Oshawa,NO2,2020,January,0.4975,0.4004
Oshawa,NO2,2020,February,0.0056,0.0342
Oshawa,NO2,2020,March,0.2024,0.3824
Oshawa,NO2,2020,April,0.0012,0.0082
Oshawa,NO2,2020,May,0.0239,0.0827
Oshawa,NO2,2020,June,0.028,0.1596
Parry_Sound,O3,2017-2019,January,0.8578,0.7148
Parry_Sound,O3,2017-2019,February,0.7663,0.2735
Parry_Sound,O3,2017-2019,March,0.2023,0.0989
Parry_Sound,O3,2017-2019,April,5e-4,0.0055
Parry_Sound,O3,2017-2019,May,0.0011,2e-4
Parry_Sound,O3,2017-2019,June,0.7953,0.8343
Parry_Sound,O3,2020,January,0.8637,0.8949
Parry_Sound,O3,2020,February,0.0313,0.0929
Parry_Sound,O3,2020,March,0.0944,0.2051
Parry_Sound,O3,2020,April,0.3008,0.3743
Parry_Sound,O3,2020,May,0.499,0.2131
Parry_Sound,O3,2020,June,0.1051,0.2911
Parry_Sound,PM25,2017-2019,January,0.1718,0.7399
Parry_Sound,PM25,2017-2019,February,0.0117,0.0371
Parry_Sound,PM25,2017-2019,March,0.0107,0.0251
Parry_Sound,PM25,2017-2019,April,0.0281,0.0517
Parry_Sound,PM25,2017-2019,May,0,0
Parry_Sound,PM25,2017-2019,June,0.4375,0.0825
Parry_Sound,PM25,2020,January,0.6754,0.3562
Parry_Sound,PM25,2020,February,0.0478,0.0177
Parry_Sound,PM25,2020,March,0.818,0.5527
Parry_Sound,PM25,2020,April,0.0945,0.2873
Parry_Sound,PM25,2020,May,0.9579,0.4532
Parry_Sound,PM25,2020,June,0.0011,1e-4
Parry_Sound,NO2,2017-2019,January,0.0999,0.3065
Parry_Sound,NO2,2017-2019,February,0.0832,0.004
Parry_Sound,NO2,2017-2019,March,0.0074,0.0228
Parry_Sound,NO2,2017-2019,April,0.3463,0.3485
Parry_Sound,NO2,2017-2019,May,0.0325,0.1344
Parry_Sound,NO2,2017-2019,June,0.4575,0.8857
Parry_Sound,NO2,2020,January,0.259,0.5788
Parry_Sound,NO2,2020,February,0.036,0.2185
Parry_Sound,NO2,2020,March,0.2863,0.9445
Parry_Sound,NO2,2020,April,0.0801,0.6486
Parry_Sound,NO2,2020,May,0.4059,0.5974
Parry_Sound,NO2,2020,June,0.2883,0.3708
Peterborough,O3,2017-2019,January,0.8021,0.5358
Peterborough,O3,2017-2019,February,0.0618,0.0554
Peterborough,O3,2017-2019,March,0.712,0.6047
Peterborough,O3,2017-2019,April,0.1108,0.0656
Peterborough,O3,2017-2019,May,0,0.0025
Peterborough,O3,2017-2019,June,0.6109,0.5419
Peterborough,O3,2020,January,0.3271,0.4667
Peterborough,O3,2020,February,0.1429,0.0617
Peterborough,O3,2020,March,2e-4,3e-4
Peterborough,O3,2020,April,0.6066,0.5072
Peterborough,O3,2020,May,0.0842,0.3635
Peterborough,O3,2020,June,0.0477,0.0148
Peterborough,PM25,2017-2019,January,0.2639,0.7556
Peterborough,PM25,2017-2019,February,0.2351,0.2152
Peterborough,PM25,2017-2019,March,0.0024,0.0088
Peterborough,PM25,2017-2019,April,0.1656,0.1617
Peterborough,PM25,2017-2019,May,2e-4,0
Peterborough,PM25,2017-2019,June,0.176,0.0219
Peterborough,PM25,2020,January,0.4458,0.2872
Peterborough,PM25,2020,February,0.0098,0.0374
Peterborough,PM25,2020,March,0.6616,0.2641
Peterborough,PM25,2020,April,0.5487,0.6642
Peterborough,PM25,2020,May,0.2875,0.3083
Peterborough,PM25,2020,June,0.0461,0.076
Peterborough,NO2,2017-2019,January,0.0758,0.002
Peterborough,NO2,2017-2019,February,0.0131,0.0299
Peterborough,NO2,2017-2019,March,5e-4,0.0018
Peterborough,NO2,2017-2019,April,0.2481,0.704
Peterborough,NO2,2017-2019,May,0.0035,6e-4
Peterborough,NO2,2017-2019,June,0.1047,0.2335
Peterborough,NO2,2020,January,0.4106,0.4798
Peterborough,NO2,2020,February,0.0246,0.2403
Peterborough,NO2,2020,March,0.9849,0.724
Peterborough,NO2,2020,April,0.0122,0.0677
Peterborough,NO2,2020,May,0.4194,0.623
Peterborough,NO2,2020,June,0.5883,0.5985
Port_Stanley,O3,2017-2019,January,0.0086,0.077
Port_Stanley,O3,2017-2019,February,0.9976,0.4594
Port_Stanley,O3,2017-2019,March,0,0
Port_Stanley,O3,2017-2019,April,0.0194,0.1351
Port_Stanley,O3,2017-2019,May,0.0026,0.0038
Port_Stanley,O3,2017-2019,June,0.7662,0.8524
Port_Stanley,O3,2020,January,0.5117,0.9664
Port_Stanley,O3,2020,February,0.7801,0.5968
Port_Stanley,O3,2020,March,0,0
Port_Stanley,O3,2020,April,0.093,0.0835
Port_Stanley,O3,2020,May,0.0293,0.0672
Port_Stanley,O3,2020,June,0.7596,0.3114
Port_Stanley,PM25,2017-2019,January,0.8732,0.8798
Port_Stanley,PM25,2017-2019,February,0.8663,0.7856
Port_Stanley,PM25,2017-2019,March,0.0032,0.0074
Port_Stanley,PM25,2017-2019,April,0.4289,0.9251
Port_Stanley,PM25,2017-2019,May,1e-4,0.0015
Port_Stanley,PM25,2017-2019,June,0.3431,0.2037
Port_Stanley,PM25,2020,January,0.9274,0.6378
Port_Stanley,PM25,2020,February,0.0448,0.3
Port_Stanley,PM25,2020,March,0.6277,0.0612
Port_Stanley,PM25,2020,April,0.469,0.7754
Port_Stanley,PM25,2020,May,0.1151,0.1416
Port_Stanley,PM25,2020,June,0.2289,0.0548
Port_Stanley,NO2,2017-2019,January,0.5504,0.4667
Port_Stanley,NO2,2017-2019,February,0.0082,0.1222
Port_Stanley,NO2,2017-2019,March,6e-4,0.0097
Port_Stanley,NO2,2017-2019,April,0.5147,0.465
Port_Stanley,NO2,2017-2019,May,0,0
Port_Stanley,NO2,2017-2019,June,0.0038,0.018
Port_Stanley,NO2,2020,January,0.624,0.7254
Port_Stanley,NO2,2020,February,0.7378,0.5882
Port_Stanley,NO2,2020,March,0.3993,0.6498
Port_Stanley,NO2,2020,April,0.0016,0.0093
Port_Stanley,NO2,2020,May,0.0021,0.0077
Port_Stanley,NO2,2020,June,0.793,0.5413
Sarnia,O3,2017-2019,January,0.0542,0.1479
Sarnia,O3,2017-2019,February,0.0942,0.3104
Sarnia,O3,2017-2019,March,0.0126,0.0215
Sarnia,O3,2017-2019,April,0.0025,0.0158
Sarnia,O3,2017-2019,May,0.0066,0.2337
Sarnia,O3,2017-2019,June,0.6788,0.705
Sarnia,O3,2020,January,0.4271,0.8525
Sarnia,O3,2020,February,0.0098,0.0082
Sarnia,O3,2020,March,0,0
Sarnia,O3,2020,April,0,2e-4
Sarnia,O3,2020,May,3e-4,9e-4
Sarnia,O3,2020,June,0.9881,0.9226
Sarnia,PM25,2017-2019,January,0.2387,0.2901
Sarnia,PM25,2017-2019,February,0.3312,0.4801
Sarnia,PM25,2017-2019,March,0.0443,0.016
Sarnia,PM25,2017-2019,April,0.2723,0.4357
Sarnia,PM25,2017-2019,May,0.109,0.0965
Sarnia,PM25,2017-2019,June,0.6249,0.8561
Sarnia,PM25,2020,January,0.4395,0.4271
Sarnia,PM25,2020,February,0.017,0.0638
Sarnia,PM25,2020,March,0.0889,0.0845
Sarnia,PM25,2020,April,0.7309,0.8874
Sarnia,PM25,2020,May,0.8428,0.7447
Sarnia,PM25,2020,June,0.0428,0.1583
Sarnia,NO2,2017-2019,January,0.5407,0.5635
Sarnia,NO2,2017-2019,February,0.2399,0.0257
Sarnia,NO2,2017-2019,March,0.0072,0.0503
Sarnia,NO2,2017-2019,April,0.0085,0.1356
Sarnia,NO2,2017-2019,May,0.0011,0.0145
Sarnia,NO2,2017-2019,June,0.0965,0.0494
Sarnia,NO2,2020,January,0.2906,0.4049
Sarnia,NO2,2020,February,0,0.0014
Sarnia,NO2,2020,March,0.9176,0.4748
Sarnia,NO2,2020,April,0.0078,0.0178
Sarnia,NO2,2020,May,0.0042,0.1051
Sarnia,NO2,2020,June,0.273,0.2472
Sarnia,SO2,2017-2019,January,0.0045,0.0747
Sarnia,SO2,2017-2019,February,0.1975,0.8566
Sarnia,SO2,2017-2019,March,0.0272,0.0266
Sarnia,SO2,2017-2019,April,0.8258,0.4153
Sarnia,SO2,2017-2019,May,0.1323,0.0618
Sarnia,SO2,2017-2019,June,0.1515,0.3478
Sarnia,SO2,2020,January,0.0527,0.3078
Sarnia,SO2,2020,February,0.0525,0.0128
Sarnia,SO2,2020,March,0.756,0.1222
Sarnia,SO2,2020,April,0.0629,0.5184
Sarnia,SO2,2020,May,0.1218,0.2599
Sarnia,SO2,2020,June,0.7353,0.2834
Sault_Ste_Marie,O3,2017-2019,January,0.6369,0.6997
Sault_Ste_Marie,O3,2017-2019,February,0.0204,0.0664
Sault_Ste_Marie,O3,2017-2019,March,0.0163,0.1025
Sault_Ste_Marie,O3,2017-2019,April,0,0
Sault_Ste_Marie,O3,2017-2019,May,0.0077,0.0685
Sault_Ste_Marie,O3,2017-2019,June,0.2988,0.7527
Sault_Ste_Marie,O3,2020,January,0.0377,0.2656
Sault_Ste_Marie,O3,2020,February,0.0907,0.4285
Sault_Ste_Marie,O3,2020,March,0.0113,0.013
Sault_Ste_Marie,O3,2020,April,0.3683,0.7699
Sault_Ste_Marie,O3,2020,May,0.4001,0.4665
Sault_Ste_Marie,O3,2020,June,0.1018,0.6378
Sault_Ste_Marie,PM25,2017-2019,January,0.4072,0.5562
Sault_Ste_Marie,PM25,2017-2019,February,0.0051,0.0485
Sault_Ste_Marie,PM25,2017-2019,March,0.0046,0.0274
Sault_Ste_Marie,PM25,2017-2019,April,0.1406,0.1196
Sault_Ste_Marie,PM25,2017-2019,May,1e-4,1e-4
Sault_Ste_Marie,PM25,2017-2019,June,0.4078,0.6279
Sault_Ste_Marie,PM25,2020,January,0.2805,0.2619
Sault_Ste_Marie,PM25,2020,February,0.0322,0.0582
Sault_Ste_Marie,PM25,2020,March,0.9451,0.3228
Sault_Ste_Marie,PM25,2020,April,0.5216,0.4765
Sault_Ste_Marie,PM25,2020,May,0.4232,0.7561
Sault_Ste_Marie,PM25,2020,June,0.1581,0.2203
Sault_Ste_Marie,NO2,2017-2019,January,0.9983,0.7777
Sault_Ste_Marie,NO2,2017-2019,February,0.2217,0.2345
Sault_Ste_Marie,NO2,2017-2019,March,0,0
Sault_Ste_Marie,NO2,2017-2019,April,0.0192,0.1634
Sault_Ste_Marie,NO2,2017-2019,May,0.1892,0.0172
Sault_Ste_Marie,NO2,2017-2019,June,0.3522,0.3106
Sault_Ste_Marie,NO2,2020,January,0.0306,0.0483
Sault_Ste_Marie,NO2,2020,February,0.0661,0.2241
Sault_Ste_Marie,NO2,2020,March,0.0306,0.1929
Sault_Ste_Marie,NO2,2020,April,0.0925,0.4334
Sault_Ste_Marie,NO2,2020,May,0.0202,0.0967
Sault_Ste_Marie,NO2,2020,June,0.097,0.1581
Sault_Ste_Marie,SO2,2017-2019,January,0.344,0.2554
Sault_Ste_Marie,SO2,2017-2019,February,0.0573,0.1165
Sault_Ste_Marie,SO2,2017-2019,March,0.3367,0.9452
Sault_Ste_Marie,SO2,2017-2019,April,0.0076,0.0166
Sault_Ste_Marie,SO2,2017-2019,May,0.2567,0.0643
Sault_Ste_Marie,SO2,2017-2019,June,0.3159,0.4868
Sault_Ste_Marie,SO2,2020,January,0.2711,0.8769
Sault_Ste_Marie,SO2,2020,February,0.5629,0.673
Sault_Ste_Marie,SO2,2020,March,0.2503,0.5476
Sault_Ste_Marie,SO2,2020,April,0.2406,0.137
Sault_Ste_Marie,SO2,2020,May,0.1955,0.828
Sault_Ste_Marie,SO2,2020,June,0.9195,0.119
St_Catharines,O3,2017-2019,January,0.0138,0.0053
St_Catharines,O3,2017-2019,February,0.2239,0.3394
St_Catharines,O3,2017-2019,March,0.2584,0.8284
St_Catharines,O3,2017-2019,April,0.1471,0.0146
St_Catharines,O3,2017-2019,May,0.0034,0.0382
St_Catharines,O3,2017-2019,June,0.7798,0.61240000000000006
St_Catharines,O3,2020,January,0.3878,0.7672
St_Catharines,O3,2020,February,0.0312,0.1628
St_Catharines,O3,2020,March,0.0241,0.0017
St_Catharines,O3,2020,April,0.0084,0.0043
St_Catharines,O3,2020,May,0.5759,0.8944
St_Catharines,O3,2020,June,0.0019,0.0175
St_Catharines,PM25,2017-2019,January,0.6752,0.9153
St_Catharines,PM25,2017-2019,February,0.4479,0.3582
St_Catharines,PM25,2017-2019,March,0.0032,0.004
St_Catharines,PM25,2017-2019,April,0.2513,0.4921
St_Catharines,PM25,2017-2019,May,0.0051,0.0112
St_Catharines,PM25,2017-2019,June,0.7483,0.8587
St_Catharines,PM25,2020,January,0.6729,0.4078
St_Catharines,PM25,2020,February,0.057,0.1786
St_Catharines,PM25,2020,March,0.7728,0.4717
St_Catharines,PM25,2020,April,0.1476,0.2459
St_Catharines,PM25,2020,May,0.3226,0.5952
St_Catharines,PM25,2020,June,0.2432,0.1942
St_Catharines,NO2,2017-2019,January,0.1707,0.1797
St_Catharines,NO2,2017-2019,February,0.4275,0.1617
St_Catharines,NO2,2017-2019,March,0.2455,0.8101
St_Catharines,NO2,2017-2019,April,0.0211,0.0328
St_Catharines,NO2,2017-2019,May,0.795,0.7978
St_Catharines,NO2,2017-2019,June,0.5769,0.9551
St_Catharines,NO2,2020,January,0.6053,0.966
St_Catharines,NO2,2020,February,0.1747,0.7605
St_Catharines,NO2,2020,March,0.3361,0.315
St_Catharines,NO2,2020,April,0.0143,0.0789
St_Catharines,NO2,2020,May,0.1109,0.07
St_Catharines,NO2,2020,June,0.0099,0.0347
Sudbury,O3,2017-2019,January,0.6915,0.722
Sudbury,O3,2017-2019,February,0.1846,0.2976
Sudbury,O3,2017-2019,March,0.1159,0.0576
Sudbury,O3,2017-2019,April,0.7274,0.7532
Sudbury,O3,2017-2019,May,0.0126,0.0252
Sudbury,O3,2017-2019,June,0.6956,0.2678
Sudbury,O3,2020,January,0.9242,0.5073
Sudbury,O3,2020,February,0.0186,0.0644
Sudbury,O3,2020,March,1e-4,0.0019
Sudbury,O3,2020,April,0.1578,0.072
Sudbury,O3,2020,May,0.4765,0.2066
Sudbury,O3,2020,June,0.6385,0.0454
Sudbury,PM25,2017-2019,January,0.5091,0.597
Sudbury,PM25,2017-2019,February,0.0544,0.0552
Sudbury,PM25,2017-2019,March,0.0046,0.0028
Sudbury,PM25,2017-2019,April,0.2691,0.9768
Sudbury,PM25,2017-2019,May,0,0
Sudbury,PM25,2017-2019,June,0.0161,0.0018
Sudbury,PM25,2020,January,0.7563,0.6819
Sudbury,PM25,2020,February,0.0909,0.0825
Sudbury,PM25,2020,March,0.3685,0.2212
Sudbury,PM25,2020,April,0.1755,0.3294
Sudbury,PM25,2020,May,0.8219,0.9289
Sudbury,PM25,2020,June,0.0364,0.1646
Sudbury,NO2,2017-2019,January,0.647,0.8469
Sudbury,NO2,2017-2019,February,0.3675,0.0939
Sudbury,NO2,2017-2019,March,0.0213,0.0443
Sudbury,NO2,2017-2019,April,0.0128,0.044
Sudbury,NO2,2017-2019,May,0.1835,0.0709
Sudbury,NO2,2017-2019,June,0.9413,0.7777
Sudbury,NO2,2020,January,0.5111,0.1152
Sudbury,NO2,2020,February,0.0118,0.0159
Sudbury,NO2,2020,March,0.0763,0.1466
Sudbury,NO2,2020,April,0.2051,0.4529
Sudbury,NO2,2020,May,0.7492,0.4062
Sudbury,NO2,2020,June,0.7883,0.4951
Sudbury,SO2,2017-2019,January,0.4315,0.5515
Sudbury,SO2,2017-2019,February,0.7626,0.3232
Sudbury,SO2,2017-2019,March,0.0021,9e-4
Sudbury,SO2,2017-2019,April,0.0093,0.0596
Sudbury,SO2,2017-2019,May,0.4715,0.9459
Sudbury,SO2,2017-2019,June,0.1997,0.0917
Sudbury,SO2,2020,January,0.545,0.7922
Sudbury,SO2,2020,February,0.0445,0.5888
Sudbury,SO2,2020,March,0.1951,0.8619
Sudbury,SO2,2020,April,0.7923,0.7432
Sudbury,SO2,2020,May,0.8743,0.4636
Sudbury,SO2,2020,June,0.0242,0.3231
Thunder_Bay,O3,2017-2019,January,0.3349,0.5266
Thunder_Bay,O3,2017-2019,February,0.9965,0.424
Thunder_Bay,O3,2017-2019,March,0.1255,0.0715
Thunder_Bay,O3,2017-2019,April,5e-4,4e-4
Thunder_Bay,O3,2017-2019,May,0.2218,0.143
Thunder_Bay,O3,2017-2019,June,0.7993,0.8537
Thunder_Bay,O3,2020,January,0.5283,0.4003
Thunder_Bay,O3,2020,February,0.6178,0.3736
Thunder_Bay,O3,2020,March,0.001,0.01
Thunder_Bay,O3,2020,April,0.0474,0.225
Thunder_Bay,O3,2020,May,0.6247,0.5702
Thunder_Bay,O3,2020,June,0.0051,0.0834
Thunder_Bay,PM25,2017-2019,January,0.2001,0.623
Thunder_Bay,PM25,2017-2019,February,0.0845,0.0483
Thunder_Bay,PM25,2017-2019,March,0.2325,0.5641
Thunder_Bay,PM25,2017-2019,April,4e-4,0
Thunder_Bay,PM25,2017-2019,May,1e-4,0
Thunder_Bay,PM25,2017-2019,June,0.0214,0.028
Thunder_Bay,PM25,2020,January,0.6795,0.8176
Thunder_Bay,PM25,2020,February,0.1735,0.2224
Thunder_Bay,PM25,2020,March,0.1987,0.7945
Thunder_Bay,PM25,2020,April,0.7657,0.8586
Thunder_Bay,PM25,2020,May,0.3486,0.3674
Thunder_Bay,PM25,2020,June,0.0121,0.0519
Thunder_Bay,NO2,2017-2019,January,0.7345,0.8906
Thunder_Bay,NO2,2017-2019,February,0.0932,0.1939
Thunder_Bay,NO2,2017-2019,March,0.0121,0.0677
Thunder_Bay,NO2,2017-2019,April,0.0016,0.0027
Thunder_Bay,NO2,2017-2019,May,0.0152,0.072
Thunder_Bay,NO2,2017-2019,June,0.1487,0.064
Thunder_Bay,NO2,2020,January,0.8022,0.7037
Thunder_Bay,NO2,2020,February,0.054,0.246
Thunder_Bay,NO2,2020,March,0.1638,0.3441
Thunder_Bay,NO2,2020,April,0.0018,0
Thunder_Bay,NO2,2020,May,0.5976,0.9238
Thunder_Bay,NO2,2020,June,0.0587,0.0016
Toronto_Downtown,O3,2017-2019,January,0.163,0.385
Toronto_Downtown,O3,2017-2019,February,0.0693,0.0795
Toronto_Downtown,O3,2017-2019,March,0.1261,0.2087
Toronto_Downtown,O3,2017-2019,April,0.4173,0.1463
Toronto_Downtown,O3,2017-2019,May,0.001,0.0064
Toronto_Downtown,O3,2017-2019,June,0.4019,0.4692
Toronto_Downtown,O3,2020,January,0.2545,0.185
Toronto_Downtown,O3,2020,February,0.805,0.6753
Toronto_Downtown,O3,2020,March,0,0
Toronto_Downtown,O3,2020,April,0.2435,0.2559
Toronto_Downtown,O3,2020,May,0.0035,0.0024
Toronto_Downtown,O3,2020,June,0.0621,0.5088
Toronto_Downtown,PM25,2017-2019,January,0.1134,0.3471
Toronto_Downtown,PM25,2017-2019,February,0.0329,0.0596
Toronto_Downtown,PM25,2017-2019,March,0.0015,0.0075
Toronto_Downtown,PM25,2017-2019,April,0.0904,0.5043
Toronto_Downtown,PM25,2017-2019,May,0.0091,0.0093
Toronto_Downtown,PM25,2017-2019,June,0.0182,0.0361
Toronto_Downtown,PM25,2020,January,0.2908,0.7237
Toronto_Downtown,PM25,2020,February,0.4588,0.4075
Toronto_Downtown,PM25,2020,March,0.1605,0.1212
Toronto_Downtown,PM25,2020,April,0.68,0.3761
Toronto_Downtown,PM25,2020,May,0.7055,0.4855
Toronto_Downtown,PM25,2020,June,0.0154,0.0139
Toronto_Downtown,NO2,2017-2019,January,0.5475,0.7669
Toronto_Downtown,NO2,2017-2019,February,0.6683,0.5935
Toronto_Downtown,NO2,2017-2019,March,0.1055,0.2104
Toronto_Downtown,NO2,2017-2019,April,0.0176,0.0142
Toronto_Downtown,NO2,2017-2019,May,0.0392,0.0182
Toronto_Downtown,NO2,2017-2019,June,0.1213,0.0757
Toronto_Downtown,NO2,2020,January,0.0025,0.0039
Toronto_Downtown,NO2,2020,February,0.6511,0.2759
Toronto_Downtown,NO2,2020,March,0.161,0.1219
Toronto_Downtown,NO2,2020,April,0.1968,0.1664
Toronto_Downtown,NO2,2020,May,0.0174,0.0097
Toronto_Downtown,NO2,2020,June,0.3034,0.1741
Toronto_East,O3,2017-2019,January,0.2451,0.1825
Toronto_East,O3,2017-2019,February,0.0841,0.093
Toronto_East,O3,2017-2019,March,0.9433,0.8525
Toronto_East,O3,2017-2019,April,0.9171,0.842
Toronto_East,O3,2017-2019,May,0.0051,0.019
Toronto_East,O3,2017-2019,June,0.3874,0.3006
Toronto_East,O3,2020,January,0.6819,0.4512
Toronto_East,O3,2020,February,0.0145,0.1296
Toronto_East,O3,2020,March,0.0667,0.108
Toronto_East,O3,2020,April,0.0098,0.018
Toronto_East,O3,2020,May,0.6728,0.6762
Toronto_East,O3,2020,June,0,0.0114
Toronto_East,PM25,2017-2019,January,0.2015,0.4757
Toronto_East,PM25,2017-2019,February,0.2486,0.2328
Toronto_East,PM25,2017-2019,March,5e-4,0.0071
Toronto_East,PM25,2017-2019,April,0.4231,0.9205
Toronto_East,PM25,2017-2019,May,0.0069,0.0062
Toronto_East,PM25,2017-2019,June,0.1673,0.2521
Toronto_East,PM25,2020,January,0.6612,0.7785
Toronto_East,PM25,2020,February,0.0378,0.0414
Toronto_East,PM25,2020,March,0.9174,0.9796
Toronto_East,PM25,2020,April,0.4326,0.4881
Toronto_East,PM25,2020,May,0.1413,0.1315
Toronto_East,PM25,2020,June,0.158,0.0619
Toronto_East,NO2,2017-2019,January,0.6208,0.8939
Toronto_East,NO2,2017-2019,February,0.1689,0.1167
Toronto_East,NO2,2017-2019,March,2e-4,0.0053
Toronto_East,NO2,2017-2019,April,0.0132,0.0086
Toronto_East,NO2,2017-2019,May,0.0633,0.2439
Toronto_East,NO2,2017-2019,June,0.0101,0.0067
Toronto_East,NO2,2020,January,0.5596,0.2248
Toronto_East,NO2,2020,February,0.0012,0.0928
Toronto_East,NO2,2020,March,0.0063,0.0122
Toronto_East,NO2,2020,April,0.0058,0.0055
Toronto_East,NO2,2020,May,0.0741,0.0876
Toronto_East,NO2,2020,June,0.008,0.1009
Toronto_West,O3,2017-2019,January,0.6469,0.837
Toronto_West,O3,2017-2019,February,0.2347,0.2625
Toronto_West,O3,2017-2019,March,0.5193,0.3896
Toronto_West,O3,2017-2019,April,0.7848,0.9694
Toronto_West,O3,2017-2019,May,3e-4,7e-4
Toronto_West,O3,2017-2019,June,0.7808,0.3827
Toronto_West,O3,2020,January,0.372,0.394
Toronto_West,O3,2020,February,0.0032,0.0422
Toronto_West,O3,2020,March,0.2248,0.1998
Toronto_West,O3,2020,April,0.0024,0.0087
Toronto_West,O3,2020,May,0.5058,0.8705
Toronto_West,O3,2020,June,0.0021,0.0259
Toronto_West,PM25,2017-2019,January,0.4538,0.988
Toronto_West,PM25,2017-2019,February,0.2216,0.2168
Toronto_West,PM25,2017-2019,March,0.0024,0.0034
Toronto_West,PM25,2017-2019,April,0.09,0.8852
Toronto_West,PM25,2017-2019,May,3e-4,7e-4
Toronto_West,PM25,2017-2019,June,0.7837,0.4253
Toronto_West,PM25,2020,January,0.2912,0.1975
Toronto_West,PM25,2020,February,0.0372,0.0933
Toronto_West,PM25,2020,March,0.8547,0.315
Toronto_West,PM25,2020,April,0.5863,0.8286
Toronto_West,PM25,2020,May,0.5849,0.2194
Toronto_West,PM25,2020,June,0.2558,0.8767
Toronto_West,NO2,2017-2019,January,0.4452,0.1532
Toronto_West,NO2,2017-2019,February,0.0684,0.0218
Toronto_West,NO2,2017-2019,March,0,0.0019
Toronto_West,NO2,2017-2019,April,0,0
Toronto_West,NO2,2017-2019,May,0.0935,0.2312
Toronto_West,NO2,2017-2019,June,0.1329,0.0728
Toronto_West,NO2,2020,January,0.9219,0.602
Toronto_West,NO2,2020,February,0.0323,0.231
Toronto_West,NO2,2020,March,0.0656,0.0573
Toronto_West,NO2,2020,April,3e-4,0.0015
Toronto_West,NO2,2020,May,0.0083,0.011
Toronto_West,NO2,2020,June,0.0213,0.1512
Toronto_West,CO,2017-2019,January,0.9715,0.6873
Toronto_West,CO,2017-2019,February,0.218,0.1159
Toronto_West,CO,2017-2019,March,0.0031,0.0194
Toronto_West,CO,2017-2019,April,0.0549,0.3191
Toronto_West,CO,2017-2019,May,0.287,0.2752
Toronto_West,CO,2017-2019,June,0.0018,0.0019
Toronto_West,CO,2020,January,0.4347,0.4113
Toronto_West,CO,2020,February,0.0059,0.0772
Toronto_West,CO,2020,March,0.4083,0.611
Toronto_West,CO,2020,April,0,0
Toronto_West,CO,2020,May,0.0809,0.0935
Toronto_West,CO,2020,June,0.8317,0.8802
Toronto_West,SO2,2017-2019,January,0,0
Toronto_West,SO2,2017-2019,February,0.0436,0.0368
Toronto_West,SO2,2017-2019,March,0.0021,0.0234
Toronto_West,SO2,2017-2019,April,0.9831,0.3921
Toronto_West,SO2,2017-2019,May,0.0088,0.0055
Toronto_West,SO2,2017-2019,June,0.9286,0.7736
Toronto_West,SO2,2020,January,0.0453,0.1516
Toronto_West,SO2,2020,February,0.0191,0.0159
Toronto_West,SO2,2020,March,0.2981,0.2953
Toronto_West,SO2,2020,April,0.0526,0.0555
Toronto_West,SO2,2020,May,0.0528,0.061
Toronto_West,SO2,2020,June,0.0848,0.74
Windsor_Downtown,O3,2017-2019,January,0.1628,0.5407
Windsor_Downtown,O3,2017-2019,February,0.3722,0.4927
Windsor_Downtown,O3,2017-2019,March,0.8484,0.1876
Windsor_Downtown,O3,2017-2019,April,0.1511,0.1191
Windsor_Downtown,O3,2017-2019,May,1e-4,0.0013
Windsor_Downtown,O3,2017-2019,June,0.7509,0.6818
Windsor_Downtown,O3,2020,January,0.4835,0.9215
Windsor_Downtown,O3,2020,February,0.05,0.1546
Windsor_Downtown,O3,2020,March,1e-4,9e-4
Windsor_Downtown,O3,2020,April,0.3282,0.2685
Windsor_Downtown,O3,2020,May,0.3263,0.6123
Windsor_Downtown,O3,2020,June,0.1595,0.3476
Windsor_Downtown,PM25,2017-2019,January,0.1913,0.6176
Windsor_Downtown,PM25,2017-2019,February,0.8023,0.3999
Windsor_Downtown,PM25,2017-2019,March,0.0253,0.0045
Windsor_Downtown,PM25,2017-2019,April,0.0285,0.209
Windsor_Downtown,PM25,2017-2019,May,0.0036,0.3025
Windsor_Downtown,PM25,2017-2019,June,0.133,0.5579
Windsor_Downtown,PM25,2020,January,0.1457,0.1728
Windsor_Downtown,PM25,2020,February,0.075,0.1353
Windsor_Downtown,PM25,2020,March,0.2195,0.0128
Windsor_Downtown,PM25,2020,April,0.3433,0.344
Windsor_Downtown,PM25,2020,May,0.0033,0.0406
Windsor_Downtown,PM25,2020,June,0.4196,0.9757
Windsor_Downtown,NO2,2017-2019,January,0.202,0.0265
Windsor_Downtown,NO2,2017-2019,February,0.1135,0.0767
Windsor_Downtown,NO2,2017-2019,March,0.0146,0.0023
Windsor_Downtown,NO2,2017-2019,April,1e-4,0.0032
Windsor_Downtown,NO2,2017-2019,May,0.0373,0.137
Windsor_Downtown,NO2,2017-2019,June,0.1255,0.2375
Windsor_Downtown,NO2,2020,January,0.1191,0.2051
Windsor_Downtown,NO2,2020,February,0.0104,0.0331
Windsor_Downtown,NO2,2020,March,0.1631,0.3457
Windsor_Downtown,NO2,2020,April,0.0624,0.1247
Windsor_Downtown,NO2,2020,May,0,1e-4
Windsor_Downtown,NO2,2020,June,0.1051,0.0349
Windsor_Downtown,CO,2017-2019,January,0.0523,0.4497
Windsor_Downtown,CO,2017-2019,February,0.102,0.0275
Windsor_Downtown,CO,2017-2019,March,0.0192,0.0309
Windsor_Downtown,CO,2017-2019,April,0.0034,0.0107
Windsor_Downtown,CO,2017-2019,May,0.0011,0.0224
Windsor_Downtown,CO,2017-2019,June,0.5684,0.4283
Windsor_Downtown,CO,2020,January,8e-4,0.0153
Windsor_Downtown,CO,2020,February,0.013,0.0168
Windsor_Downtown,CO,2020,March,0.6039,0.6858
Windsor_Downtown,CO,2020,April,0.0222,0.0274
Windsor_Downtown,CO,2020,May,5e-4,0.0065
Windsor_Downtown,CO,2020,June,0.0519,0.1221
Windsor_Downtown,SO2,2017-2019,January,0.0224,0.1204
Windsor_Downtown,SO2,2017-2019,February,0.1334,0.4147
Windsor_Downtown,SO2,2017-2019,March,0.114,0.0514
Windsor_Downtown,SO2,2017-2019,April,0.0842,0.4489
Windsor_Downtown,SO2,2017-2019,May,0.0214,0.0074
Windsor_Downtown,SO2,2017-2019,June,0.3087,0.3201
Windsor_Downtown,SO2,2020,January,0.0145,0.0203
Windsor_Downtown,SO2,2020,February,0.0208,0.0581
Windsor_Downtown,SO2,2020,March,0.0597,0.0371
Windsor_Downtown,SO2,2020,April,0.0368,0.0441
Windsor_Downtown,SO2,2020,May,3e-4,0.0234
Windsor_Downtown,SO2,2020,June,0.0956,0.3972
Windsor_West,O3,2017-2019,January,0.0798,0.088
Windsor_West,O3,2017-2019,February,0.5283,0.4697
Windsor_West,O3,2017-2019,March,0.1221,0.3011
Windsor_West,O3,2017-2019,April,0.2078,0.0612
Windsor_West,O3,2017-2019,May,4e-4,4e-4
Windsor_West,O3,2017-2019,June,0.7459,0.7359
Windsor_West,O3,2020,January,0.7154,0.9616
Windsor_West,O3,2020,February,0.1919,0.6332
Windsor_West,O3,2020,March,0,0
Windsor_West,O3,2020,April,8e-4,0.0027
Windsor_West,O3,2020,May,0.025,0.1488
Windsor_West,O3,2020,June,0.8831,0.1786
Windsor_West,PM25,2017-2019,January,0.4765,0.6871
Windsor_West,PM25,2017-2019,February,0.8905,0.9864
Windsor_West,PM25,2017-2019,March,8e-4,0.0011
Windsor_West,PM25,2017-2019,April,0.0643,0.3015
Windsor_West,PM25,2017-2019,May,0.0774,0.1692
Windsor_West,PM25,2017-2019,June,0.5852,0.9141
Windsor_West,PM25,2020,January,0.8337,0.7018
Windsor_West,PM25,2020,February,0.242,0.5193
Windsor_West,PM25,2020,March,0.0012,2e-4
Windsor_West,PM25,2020,April,0.1538,0.0259
Windsor_West,PM25,2020,May,0.309,0.9305
Windsor_West,PM25,2020,June,0.1422,0.0712
Windsor_West,NO2,2017-2019,January,0.9525,0.7718
Windsor_West,NO2,2017-2019,February,0.6551,0.7545
Windsor_West,NO2,2017-2019,March,9e-4,0.0094
Windsor_West,NO2,2017-2019,April,0.0549,0.3438
Windsor_West,NO2,2017-2019,May,0.1375,0.3057
Windsor_West,NO2,2017-2019,June,0.0021,0.0357
Windsor_West,NO2,2020,January,0.9789,0.7622
Windsor_West,NO2,2020,February,0.0916,0.3037
Windsor_West,NO2,2020,March,0.8341,0.6374
Windsor_West,NO2,2020,April,0.6209,0.5265
Windsor_West,NO2,2020,May,0,0
Windsor_West,NO2,2020,June,0.5074,0.2383
Windsor_West,SO2,2017-2019,January,0.7121,0.4349
Windsor_West,SO2,2017-2019,February,0.394,0.1086
Windsor_West,SO2,2017-2019,March,0.0504,0.2176
Windsor_West,SO2,2017-2019,April,0.7581,0.1856
Windsor_West,SO2,2017-2019,May,0.0913,0.0854
Windsor_West,SO2,2017-2019,June,0.6422,0.1085
Windsor_West,SO2,2020,January,0.7919,0.8892
Windsor_West,SO2,2020,February,0.7472,0.7813
Windsor_West,SO2,2020,March,0.1706,0.5623
Windsor_West,SO2,2020,April,0.8486,0.5552
Windsor_West,SO2,2020,May,0.1644,0.3578
Windsor_West,SO2,2020,June,0.9867,0.5228
Toronto_North,O3,2017-2019,January,0.7587,0.7298
Toronto_North,O3,2017-2019,February,0.1106,0.2587
Toronto_North,O3,2017-2019,March,0.6126,0.1627
Toronto_North,O3,2017-2019,April,0.739,0.9284
Toronto_North,O3,2017-2019,May,0,1e-4
Toronto_North,O3,2017-2019,June,0.0287,0.0064
Toronto_North,O3,2020,January,0.8617,0.7576
Toronto_North,O3,2020,February,0.0035,0.0107
Toronto_North,O3,2020,March,0.0179,0.034
Toronto_North,O3,2020,April,0.0105,0.0056
Toronto_North,O3,2020,May,0.8854,0.8565
Toronto_North,O3,2020,June,4e-4,0.0026
Toronto_North,PM25,2017-2019,January,0.2091,0.4242
Toronto_North,PM25,2017-2019,February,0.1072,0.0545
Toronto_North,PM25,2017-2019,March,0.0204,0.022
Toronto_North,PM25,2017-2019,April,0.2768,0.9326
Toronto_North,PM25,2017-2019,May,4e-4,0.0067
Toronto_North,PM25,2017-2019,June,0.4678,0.4194
Toronto_North,PM25,2020,January,0.5401,0.6601
Toronto_North,PM25,2020,February,0.0136,0.0271
Toronto_North,PM25,2020,March,0.8481,0.3226
Toronto_North,PM25,2020,April,0.2023,0.9456
Toronto_North,PM25,2020,May,0.1457,0.1713
Toronto_North,PM25,2020,June,0.5265,0.8375
Toronto_North,NO2,2017-2019,January,0.6524,0.4809
Toronto_North,NO2,2017-2019,February,0.7831,0.0838
Toronto_North,NO2,2017-2019,March,0,6e-4
Toronto_North,NO2,2017-2019,April,0.0098,0.0035
Toronto_North,NO2,2017-2019,May,0.1484,0.2059
Toronto_North,NO2,2017-2019,June,0.1371,0.2077
Toronto_North,NO2,2020,January,0.6367,0.3809
Toronto_North,NO2,2020,February,8e-4,0.0764
Toronto_North,NO2,2020,March,0.6119,0.7894
Toronto_North,NO2,2020,April,0.0245,0.0348
Toronto_North,NO2,2020,May,0.479,0.5836
Toronto_North,NO2,2020,June,0.2148,0.8636
Toronto_North,SO2,2017-2019,January,0.1057,0.033
Toronto_North,SO2,2017-2019,February,0.0173,0.0023
Toronto_North,SO2,2017-2019,March,0.0047,0
Toronto_North,SO2,2017-2019,April,0.6419,0.0124
Toronto_North,SO2,2017-2019,May,0.0019,0.001
Toronto_North,SO2,2017-2019,June,0.0168,0.04
Toronto_North,SO2,2020,January,0.9236,0.603
Toronto_North,SO2,2020,February,0.0497,0.0231
Toronto_North,SO2,2020,March,0.6925,0.1458
Toronto_North,SO2,2020,April,0.268,0.5861
Toronto_North,SO2,2020,May,0.7537,0.1907
Toronto_North,SO2,2020,June,0.6561,0.1495
